book,chapter,verse,Phrase,verb_lex,verb_tense,verb_stem,prep
426584,2_Chronicles,36,23,Cmpl,HLK[,wayq,qal,B
2821,Genesis,6,12,Objc,CMR[,infc,qal,B
8131,Genesis,18,19,Objc,CXT[,perf,hif,B
8469,Genesis,19,2,Objc,CMR[,perf,qal,B
9107,Genesis,19,31,Cmpl,HLK[,perf,qal,L
11535,Genesis,24,21,Cmpl,BW>[,infc,qal,<L
11631,Genesis,24,27,Objc,YLX[,perf,hif,<L
11881,Genesis,24,40,Cmpl,YLX[,perf,hif,B
11928,Genesis,24,42,Objc,YLX[,perf,hif,B
12069,Genesis,24,48,Objc,YLX[,perf,hif,B
12221,Genesis,24,56,Cmpl,YLX[,perf,hif,B
14900,Genesis,28,20,Objc,YLX[,perf,hif,B
16202,Genesis,30,36,Cmpl,YLX[,perf,hif,B
16783,Genesis,31,23,Cmpl,FJM[,wayq,qal,B
17457,Genesis,32,2,Cmpl,RDP[,wayq,qal,B
18378,Genesis,33,16,Cmpl,HLK[,perf,qal,L
19117,Genesis,35,3,Cmpl,CWB[,wayq,qal,L
19405,Genesis,35,19,Pred,HJH[,wayq,qal,L
21110,Genesis,38,16,Cmpl,QBR[,wayq,nif,B
23868,Genesis,42,25,Cmpl,NVH[,wayq,qal,>L
25858,Genesis,45,21,Objc,NTN[,infc,qal,L
25903,Genesis,45,23,Objc,NTN[,wayq,qal,L
25917,Genesis,45,24,Objc,NTN[,wayq,qal,L
27433,Genesis,48,7,Cmpl,RGZ[,impf,qal,B
28002,Genesis,49,17,Cmpl,MWT[,perf,qal,<L
30075,Exodus,3,18,Pred,HJH[,impf,qal,<L
30673,Exodus,4,24,Cmpl,HLK[,impf,qal,B
30862,Exodus,5,3,Pred,HJH[,wayq,qal,B
32896,Exodus,8,22,Pred,HLK[,impf,qal,B
36113,Exodus,13,17,Pred,HLK[,impf,qal,B
36138,Exodus,13,18,Objc,HLK[,impf,qal,B
36201,Exodus,13,21,Cmpl,SBB[,wayq,hif,B
38890,Exodus,18,20,Objc,SBB[,wayq,hif,B
46663,Exodus,32,8,Objc,JD<[,perf,hif,L
47588,Exodus,33,13,Cmpl,SWR[,perf,qal,MN
68524,Leviticus,26,22,Objc,SWR[,perf,qal,MN
76000,Numbers,9,13,Pred,CMM[,perf,nif,MN
76739,Numbers,10,33,Pred,HJH[,perf,qal,MN
76749,Numbers,10,33,Cmpl,NS<[,wayq,qal,MN
77484,Numbers,11,31,Cmpl,NS<[,wayq,qal,L
78924,Numbers,14,25,Cmpl,NVC[,wayq,qal,<L
82893,Numbers,20,17,Cmpl,NS<[,impv,qal,<L
83136,Numbers,21,1,Pred,HLK[,impf,qal,<L
83198,Numbers,21,4,Cmpl,BW>[,perf,qal,<L
83213,Numbers,21,4,Cmpl,NS<[,wayq,qal,MN
83540,Numbers,21,22,Cmpl,QYR[,wayq,qal,B
83733,Numbers,21,33,Pred,HLK[,impf,qal,B
84252,Numbers,22,22,Cmpl,<LH[,wayq,qal,B
84275,Numbers,22,23,Cmpl,JYB[,wayq,hit,B
84287,Numbers,22,23,Cmpl,JYB[,wayq,hit,B
84302,Numbers,22,23,Cmpl,NVH[,wayq,qal,MN
84463,Numbers,22,31,Cmpl,NVH[,wayq,qal,MN
84496,Numbers,22,32,Cmpl,NVH[,wayq,qal,B
85618,Numbers,24,25,Cmpl,JRV[,perf,qal,L
90802,Numbers,33,8,Cmpl,HLK[,perf,qal,L
93200,Deuteronomy,1,19,Cmpl,HLK[,wayq,qal,B
93272,Deuteronomy,1,22,Objc,JR>[,ptca,nif,B
93473,Deuteronomy,1,33,Objc,CWB[,impf,hif,B
93488,Deuteronomy,1,33,Cmpl,CWB[,impf,hif,L
93621,Deuteronomy,1,40,Cmpl,CWB[,impf,hif,B
93754,Deuteronomy,2,1,Cmpl,NS<[,impv,qal,B
93889,Deuteronomy,2,8,Cmpl,NS<[,wayq,qal,B
93901,Deuteronomy,2,8,Cmpl,<BR[,wayq,qal,MN
94258,Deuteronomy,2,27,Pred,<BR[,wayq,qal,MN
94488,Deuteronomy,3,1,Pred,HLK[,impf,qal,B
96942,Deuteronomy,5,33,Cmpl,<LH[,wayq,qal,B
97094,Deuteronomy,6,7,Pred,HLK[,impf,qal,B
98027,Deuteronomy,8,2,Cmpl,HLK[,impf,qal,B
98125,Deuteronomy,8,6,Objc,ZKR[,perf,qal,B
98725,Deuteronomy,9,12,Cmpl,HLK[,infc,qal,B
98808,Deuteronomy,9,16,Cmpl,SWR[,perf,qal,MN
99403,Deuteronomy,10,12,Cmpl,SWR[,perf,qal,MN
100008,Deuteronomy,11,19,Cmpl,HLK[,infc,qal,B
100072,Deuteronomy,11,22,Cmpl,HLK[,infc,qal,B
100187,Deuteronomy,11,28,Cmpl,HLK[,infc,qal,B
101160,Deuteronomy,13,6,Cmpl,SWR[,perf,qal,MN
101835,Deuteronomy,14,24,Cmpl,SWR[,perf,qal,MN
103345,Deuteronomy,17,16,Pred,RBH[,impf,qal,MN
103908,Deuteronomy,19,3,Cmpl,CWB[,infc,qal,B
104010,Deuteronomy,19,6,Objc,KWN[,impf,hif,L
104086,Deuteronomy,19,9,Pred,RBH[,impf,qal,L
105362,Deuteronomy,22,4,Cmpl,HLK[,infc,qal,B
105396,Deuteronomy,22,6,Cmpl,HLK[,infc,qal,B
105965,Deuteronomy,23,5,Pred,QR>=[,impf,nif,B
106548,Deuteronomy,24,9,Cmpl,QDM[,perf,piel,B
107098,Deuteronomy,25,17,Cmpl,<FH[,perf,qal,L
107591,Deuteronomy,26,17,Cmpl,<FH[,perf,qal,L
107987,Deuteronomy,27,18,Cmpl,HLK[,infc,qal,B
108199,Deuteronomy,28,7,Objc,HLK[,infc,qal,B
108206,Deuteronomy,28,7,Cmpl,JY>[,impf,qal,>L
108252,Deuteronomy,28,9,Cmpl,NWS[,impf,qal,L
108569,Deuteronomy,28,25,Cmpl,HLK[,perf,qal,B
108576,Deuteronomy,28,25,Cmpl,JY>[,impf,qal,>L
108658,Deuteronomy,28,29,Cmpl,NWS[,impf,qal,L
109483,Deuteronomy,28,68,Objc,YLX[,impf,hif,L
110521,Deuteronomy,30,16,Cmpl,YLX[,impf,hif,L
111400,Deuteronomy,31,29,Cmpl,HLK[,infc,qal,B
113115,Joshua,1,8,Cmpl,SWR[,perf,qal,MN
113506,Joshua,2,7,Objc,YLX[,impf,hif,MN
113750,Joshua,2,16,Cmpl,RDP[,perf,qal,MN
113887,Joshua,2,22,Cmpl,HLK[,impf,qal,L
114028,Joshua,3,4,Cmpl,BQC[,wayq,piel,B
114037,Joshua,3,4,Objc,JD<[,impf,qal,B
115046,Joshua,5,4,Cmpl,<BR[,perf,qal,B
115144,Joshua,5,7,Pred,MWT[,perf,qal,B
117192,Joshua,8,15,Objc,MWL[,perf,qal,B
117978,Joshua,9,11,Cmpl,NWS[,wayq,qal,B
118033,Joshua,9,13,Objc,LQX[,impv,qal,B
120088,Joshua,12,3,Pred,BLH[,perf,qal,B
125349,Joshua,22,5,Cmpl,BLH[,perf,qal,MN
126517,Joshua,23,14,Cmpl,HLK[,infc,qal,B
127095,Joshua,24,17,Cmpl,HLK[,infc,qal,B
128560,Judges,2,17,Cmpl,HLK[,infc,qal,B
128630,Judges,2,19,Cmpl,SWR[,perf,qal,MN
128685,Judges,2,22,Cmpl,NPL[,perf,hif,MN
129568,Judges,4,9,Objc,NPL[,perf,hif,MN
130091,Judges,5,10,Pred,HJH[,impf,qal,MN
132367,Judges,8,11,Cmpl,HJH[,impf,qal,<L
133402,Judges,9,25,Cmpl,<LH[,wayq,qal,<L
133673,Judges,9,37,Cmpl,<BR[,impf,qal,<L
138181,Judges,17,8,Cmpl,<NN[,ptca,piel,MN
138433,Judges,18,5,Objc,<FH[,infc,qal,MN
138934,Judges,18,26,Pred,YLX[,impf,hif,MN
139318,Judges,19,9,Cmpl,HLK[,wayq,qal,L
139788,Judges,19,27,Cmpl,CKM[,perf,hif,L
140848,Judges,20,42,Cmpl,HLK[,infc,qal,L
141890,1_Samuel,1,18,Cmpl,PNH[,wayq,qal,>L
143578,1_Samuel,4,13,Cmpl,HLK[,wayq,qal,L
144330,1_Samuel,6,9,Cmpl,HLK[,wayq,qal,<L
144407,1_Samuel,6,12,Cmpl,<LH[,impf,qal,<L
145119,1_Samuel,8,3,Cmpl,JCR[,wayq,qal,<L
145153,1_Samuel,8,5,Cmpl,HLK[,perf,qal,B
145641,1_Samuel,9,6,Cmpl,HLK[,perf,qal,B
145703,1_Samuel,9,8,Objc,NGD[,impf,hif,L
147751,1_Samuel,12,23,Objc,NGD[,perf,hif,L
148180,1_Samuel,13,17,Cmpl,JRH[,perf,hif,B
148190,1_Samuel,13,18,Cmpl,PNH[,impf,qal,>L
148197,1_Samuel,13,18,Cmpl,PNH[,impf,qal,>L
149569,1_Samuel,15,2,Cmpl,PNH[,impf,qal,>L
149920,1_Samuel,15,18,Cmpl,FJM[,perf,qal,B
149970,1_Samuel,15,20,Cmpl,FJM[,perf,qal,B
152037,1_Samuel,17,52,Cmpl,HLK[,wayq,qal,B
152444,1_Samuel,18,14,Cmpl,NPL[,wayq,qal,B
156023,1_Samuel,24,4,Cmpl,HJH[,wayq,qal,L
156155,1_Samuel,24,8,Cmpl,BW>[,wayq,qal,<L
156415,1_Samuel,24,20,Cmpl,HLK[,wayq,qal,B
156744,1_Samuel,25,12,Cmpl,HLK[,wayq,qal,B
158196,1_Samuel,26,25,Cmpl,HPK[,wayq,qal,L
159054,1_Samuel,28,22,Cmpl,HLK[,wayq,qal,L
159489,1_Samuel,30,2,Cmpl,HLK[,impf,qal,B
162767,2_Samuel,4,7,Cmpl,HLK[,wayq,qal,L
165924,2_Samuel,11,10,Cmpl,HLK[,wayq,qal,L
167923,2_Samuel,13,34,Cmpl,HLK[,wayq,qal,MN
168901,2_Samuel,15,2,Cmpl,HLK[,wayq,qal,MN
169427,2_Samuel,15,23,Cmpl,<MD[,perf,qal,<L
170068,2_Samuel,16,13,Cmpl,<MD[,perf,qal,>T
171668,2_Samuel,18,23,Cmpl,HLK[,wayq,qal,B
174516,2_Samuel,22,22,Cmpl,RWY[,wayq,qal,B
174625,2_Samuel,22,33,Objc,CMR[,perf,qal,B
177175,1_Kings,1,49,Objc,NTR[,wayq,hif,B
177291,1_Kings,2,2,Cmpl,NTR[,wayq,hif,L
177310,1_Kings,2,3,Cmpl,NTR[,wayq,hif,B
177351,1_Kings,2,4,Cmpl,HLK[,infc,qal,B
178717,1_Kings,3,14,Objc,CMR[,impf,qal,B
182618,1_Kings,8,25,Cmpl,HLK[,impf,qal,B
182792,1_Kings,8,32,Objc,CMR[,impf,qal,B
182895,1_Kings,8,36,Cmpl,NTN[,infc,qal,B
182983,1_Kings,8,39,Objc,NTN[,infc,qal,B
183109,1_Kings,8,44,Cmpl,NTN[,perf,qal,L
183116,1_Kings,8,44,Cmpl,>JB[,ptca,qal,B
183211,1_Kings,8,48,Cmpl,PLL[,perf,hit,>L
183418,1_Kings,8,58,Cmpl,PLL[,perf,hit,>L
185612,1_Kings,11,29,Cmpl,HLK[,infc,qal,B
185715,1_Kings,11,33,Cmpl,MY>[,wayq,qal,B
185823,1_Kings,11,38,Cmpl,HLK[,perf,qal,B
187032,1_Kings,13,9,Cmpl,HLK[,perf,qal,B
187038,1_Kings,13,10,Cmpl,CWB[,impf,qal,B
187045,1_Kings,13,10,Cmpl,HLK[,wayq,qal,B
187103,1_Kings,13,12,Cmpl,CWB[,perf,qal,B
187211,1_Kings,13,17,Objc,R>H[,wayq,qal,B
187352,1_Kings,13,24,Cmpl,HLK[,infc,qal,B
187361,1_Kings,13,24,Cmpl,HLK[,infc,qal,B
187417,1_Kings,13,26,Cmpl,HJH[,wayq,qal,B
187595,1_Kings,13,33,Cmpl,HJH[,wayq,qal,MN
188893,1_Kings,15,26,Cmpl,CWB[,perf,qal,MN
189049,1_Kings,15,34,Cmpl,HLK[,wayq,qal,B
189085,1_Kings,16,2,Cmpl,HLK[,wayq,qal,B
189470,1_Kings,16,19,Cmpl,HLK[,wayq,qal,B
189618,1_Kings,16,26,Cmpl,HLK[,infc,qal,B
190447,1_Kings,18,6,Cmpl,HLK[,wayq,qal,B
190455,1_Kings,18,6,Cmpl,HLK[,perf,qal,B
190464,1_Kings,18,7,Cmpl,HLK[,perf,qal,B
191308,1_Kings,18,43,Pred,HJH[,wayq,qal,B
191468,1_Kings,19,4,Objc,NBV[,impv,hif,B
191548,1_Kings,19,7,Objc,HLK[,perf,qal,B
191756,1_Kings,19,15,Cmpl,HLK[,perf,qal,MN
192858,1_Kings,20,38,Cmpl,CWB[,impv,qal,L
194566,1_Kings,22,43,Cmpl,<MD[,wayq,qal,<L
194727,1_Kings,22,53,Cmpl,HLK[,wayq,qal,B
195787,2_Kings,2,23,Cmpl,HLK[,wayq,qal,B
196008,2_Kings,3,9,Cmpl,HLK[,wayq,qal,B
196267,2_Kings,3,20,Pred,SBB[,wayq,qal,B
199364,2_Kings,7,15,Cmpl,SBB[,wayq,qal,MN
199969,2_Kings,8,18,Objc,SBB[,wayq,qal,MN
200158,2_Kings,8,27,Cmpl,HLK[,wayq,qal,B
200904,2_Kings,9,27,Cmpl,HLK[,wayq,qal,B
202421,2_Kings,11,16,Cmpl,NWS[,wayq,qal,B
202528,2_Kings,11,19,Cmpl,BW>[,wayq,qal,B
205084,2_Kings,16,3,Cmpl,BW>[,wayq,qal,B
205833,2_Kings,17,13,Cmpl,HLK[,wayq,qal,B
207989,2_Kings,19,28,Cmpl,CWB[,impv,qal,MN
208084,2_Kings,19,33,Cmpl,CWB[,impv,qal,B
209135,2_Kings,21,21,Pred,CWB[,impf,qal,B
209160,2_Kings,21,22,Cmpl,HLK[,wayq,qal,B
209260,2_Kings,22,2,Cmpl,HLK[,perf,qal,B
211419,2_Kings,25,4,Cmpl,HLK[,wayq,qal,B
213095,Isaiah,3,12,Cmpl,HLK[,wayq,qal,B
214924,Isaiah,8,11,Pred,BL<=[,perf,piel,B
215147,Isaiah,8,23,Cmpl,HLK[,infc,qal,B
215947,Isaiah,10,24,Objc,KBD[,perf,hif,B
217408,Isaiah,15,5,Cmpl,NF>[,impf,qal,<L
221976,Isaiah,30,11,Pred,<WR[,impf,piel,<L
223679,Isaiah,35,8,Cmpl,SWR[,impv,qal,MN
223693,Isaiah,35,8,Pred,HJH[,perf,qal,MN
224917,Isaiah,37,34,Pred,T<H[,impf,qal,MN
225606,Isaiah,40,3,Pred,CWB[,impf,qal,MN
225795,Isaiah,40,14,Objc,PNH[,impv,piel,MN
225996,Isaiah,40,27,Objc,PNH[,impv,piel,MN
226763,Isaiah,42,16,Pred,STR[,perf,nif,MN
226905,Isaiah,42,24,Cmpl,HLK[,perf,hif,B
227188,Isaiah,43,16,Cmpl,HLK[,perf,hif,B
227231,Isaiah,43,19,Objc,HLK[,perf,hif,B
228079,Isaiah,45,13,Objc,FJM[,impf,qal,B
229018,Isaiah,48,15,Pred,JCR[,impf,piel,B
229056,Isaiah,48,17,Objc,YLX[,perf,hif,B
229328,Isaiah,49,9,Cmpl,YLX[,perf,hif,B
229360,Isaiah,49,11,Pred,R<H[,impf,qal,B
230046,Isaiah,51,10,Cmpl,FJM[,perf,qal,L
230634,Isaiah,53,6,Objc,FJM[,perf,qal,L
231165,Isaiah,55,7,Cmpl,FJM[,perf,qal,L
231200,Isaiah,55,9,Objc,<ZB[,impf,qal,L
231530,Isaiah,56,11,Pred,GBH[,perf,qal,L
231706,Isaiah,57,10,Pred,PNH[,perf,qal,L
231780,Isaiah,57,14,Pred,JG<[,perf,qal,L
231784,Isaiah,57,14,Objc,PNH[,impv,piel,L
231849,Isaiah,57,17,Cmpl,RWM[,impv,hif,MN
231851,Isaiah,57,17,Cmpl,HLK[,wayq,qal,B
231931,Isaiah,58,2,Pred,R>H[,perf,qal,B
232190,Isaiah,58,13,Pred,XPY[,impf,qal,B
232335,Isaiah,59,7,Objc,<FH[,infc,qal,B
233409,Isaiah,62,10,Pred,JD<[,perf,qal,B
233749,Isaiah,63,17,Objc,PNH[,impv,piel,B
233983,Isaiah,65,2,Cmpl,PNH[,impv,piel,MN
234527,Isaiah,66,3,Cmpl,PNH[,impv,piel,MN
235647,Jeremiah,2,17,Cmpl,BXR[,perf,qal,B
235760,Jeremiah,2,23,Cmpl,BXR[,perf,qal,B
235770,Jeremiah,2,23,Objc,R>H[,impv,qal,B
235927,Jeremiah,2,33,Objc,R>H[,impv,qal,B
235938,Jeremiah,2,33,Objc,JVB[,impf,hif,B
235977,Jeremiah,2,36,Objc,LMD[,perf,piel,B
236053,Jeremiah,3,2,Objc,CNH[,infc,piel,B
236276,Jeremiah,3,13,Cmpl,JCB[,perf,qal,L
236468,Jeremiah,3,21,Cmpl,PZR[,wayq,piel,L
236869,Jeremiah,4,17,Objc,<WH[,perf,hif,L
237179,Jeremiah,5,4,Cmpl,<FH[,infa,qal,L
237194,Jeremiah,5,5,Objc,JD<[,perf,qal,L
237938,Jeremiah,6,16,Objc,JD<[,perf,qal,L
238117,Jeremiah,6,25,Cmpl,<MD[,impv,qal,<L
238158,Jeremiah,6,27,Pred,HLK[,impf,qal,B
238242,Jeremiah,7,3,Objc,BXN[,perf,qal,B
238274,Jeremiah,7,5,Objc,JVB[,impv,hif,B
238690,Jeremiah,7,23,Objc,JVB[,impf,hif,B
239915,Jeremiah,10,2,Cmpl,HLK[,perf,qal,B
240845,Jeremiah,12,1,Pred,LMD[,impf,qal,>L
241130,Jeremiah,12,16,Pred,YLX[,perf,qal,>L
242333,Jeremiah,15,7,Objc,LMD[,impf,qal,>L
243298,Jeremiah,17,10,Pred,CWB[,perf,qal,MN
243877,Jeremiah,18,11,Cmpl,NTN[,infc,qal,L
243882,Jeremiah,18,11,Cmpl,CWB[,impv,qal,MN
243940,Jeremiah,18,15,Objc,JVB[,impv,hif,MN
243946,Jeremiah,18,15,Cmpl,JVB[,impv,hif,B
245147,Jeremiah,21,8,Objc,JVB[,impv,hif,B
246158,Jeremiah,23,12,Objc,JVB[,impv,hif,L
246368,Jeremiah,23,22,Cmpl,HJH[,impf,qal,L
247100,Jeremiah,25,5,Cmpl,HJH[,impf,qal,MN
247904,Jeremiah,26,3,Cmpl,CWB[,impv,qal,MN
248169,Jeremiah,26,13,Cmpl,CWB[,impf,qal,MN
249341,Jeremiah,28,11,Objc,JVB[,impv,hif,MN
250788,Jeremiah,31,9,Cmpl,HLK[,wayq,qal,L
251035,Jeremiah,31,21,Cmpl,HLK[,wayq,qal,B
251897,Jeremiah,32,19,Pred,CWB[,impv,qal,B
251905,Jeremiah,32,19,Cmpl,CWB[,impv,qal,<L
252389,Jeremiah,32,39,Cmpl,NTN[,infc,qal,L
254069,Jeremiah,35,15,Objc,NTN[,perf,qal,L
254290,Jeremiah,36,3,Cmpl,CWB[,impv,qal,MN
254383,Jeremiah,36,7,Cmpl,CWB[,impf,qal,MN
256449,Jeremiah,39,4,Cmpl,CWB[,impf,qal,MN
256460,Jeremiah,39,4,Cmpl,JY>[,wayq,qal,MN
257855,Jeremiah,42,3,Cmpl,JY>[,wayq,qal,MN
260651,Jeremiah,48,19,Objc,NGD[,impf,hif,L
261963,Jeremiah,50,5,Pred,<MD[,impv,qal,>L
264059,Jeremiah,52,7,Objc,C>L[,impf,qal,>L
264077,Jeremiah,52,7,Cmpl,JY>[,wayq,qal,MN
265848,Ezekiel,3,18,Cmpl,HLK[,wayq,qal,MN
265875,Ezekiel,3,19,Cmpl,ZHR[,infc,hif,MN
267188,Ezekiel,7,4,Cmpl,CWB[,perf,qal,MN
267265,Ezekiel,7,9,Pred,NTN[,impf,qal,<L
267607,Ezekiel,7,27,Pred,NTN[,impf,qal,<L
267744,Ezekiel,8,5,Objc,<FH[,impf,qal,<L
267749,Ezekiel,8,5,Cmpl,NF>[,impv,qal,<L
268098,Ezekiel,9,2,Cmpl,NF>[,wayq,qal,<L
268345,Ezekiel,9,10,Cmpl,NF>[,wayq,qal,MN
269246,Ezekiel,11,21,Pred,NTN[,perf,qal,B
270332,Ezekiel,13,22,Pred,NTN[,perf,qal,B
270839,Ezekiel,14,22,Cmpl,CWB[,infc,qal,MN
270863,Ezekiel,14,23,Objc,R>H[,perf,qal,MN
271451,Ezekiel,16,25,Objc,R>H[,impf,qal,MN
271501,Ezekiel,16,27,Objc,BNH[,perf,qal,MN
271552,Ezekiel,16,31,Cmpl,BNH[,perf,qal,MN
271796,Ezekiel,16,43,Objc,BNH[,perf,qal,MN
271871,Ezekiel,16,47,Pred,NTN[,perf,qal,B
271885,Ezekiel,16,47,Pred,HLK[,perf,qal,B
272116,Ezekiel,16,61,Pred,CXT[,wayq,hif,B
273129,Ezekiel,18,23,Objc,ZKR[,perf,qal,B
273173,Ezekiel,18,25,Cmpl,ZKR[,perf,qal,MN
273180,Ezekiel,18,25,Pred,TKN[,impf,nif,MN
273185,Ezekiel,18,25,Pred,TKN[,impf,nif,MN
273240,Ezekiel,18,29,Pred,TKN[,impf,nif,MN
273243,Ezekiel,18,29,Pred,TKN[,impf,nif,MN
273250,Ezekiel,18,29,Pred,TKN[,impf,nif,MN
273256,Ezekiel,18,30,Pred,TKN[,impf,nif,MN
274484,Ezekiel,20,43,Objc,TKN[,impf,nif,MN
274513,Ezekiel,20,44,Objc,ZKR[,perf,qal,MN
274537,Ezekiel,21,2,Cmpl,ZKR[,perf,qal,>T==
274917,Ezekiel,21,24,Cmpl,FJM[,impv,qal,>T==
274933,Ezekiel,21,24,Objc,FJM[,impv,qal,>T==
274936,Ezekiel,21,24,Pred,BR>==[,impv,piel,B
274958,Ezekiel,21,26,Pred,FJM[,impf,qal,B
275715,Ezekiel,22,31,Cmpl,<MD[,perf,qal,B
276216,Ezekiel,23,31,Pred,NTN[,perf,qal,B
280955,Ezekiel,33,8,Pred,HLK[,perf,qal,B
280972,Ezekiel,33,9,Cmpl,ZHR[,infc,hif,MN
280980,Ezekiel,33,9,Cmpl,ZHR[,perf,hif,MN
281032,Ezekiel,33,11,Cmpl,CWB[,perf,qal,MN
281038,Ezekiel,33,11,Cmpl,CWB[,infc,qal,MN
281164,Ezekiel,33,17,Cmpl,CWB[,impv,qal,MN
281168,Ezekiel,33,17,Pred,TKN[,impf,nif,MN
281200,Ezekiel,33,20,Pred,TKN[,impf,nif,MN
281204,Ezekiel,33,20,Pred,TKN[,impf,nif,MN
282771,Ezekiel,36,17,Objc,TKN[,impf,nif,MN
282780,Ezekiel,36,17,Objc,VM>[,wayq,piel,MN
283050,Ezekiel,36,31,Pred,HJH[,perf,qal,K
283080,Ezekiel,36,32,Objc,ZKR[,perf,qal,K
285504,Ezekiel,40,24,Cmpl,KLM[,impv,nif,MN
285582,Ezekiel,40,27,Cmpl,KLM[,impv,nif,MN
285671,Ezekiel,40,32,Pred,MDD[,wayq,qal,MN
287036,Ezekiel,42,15,Cmpl,MDD[,wayq,qal,>L
287131,Ezekiel,43,1,Cmpl,MDD[,wayq,qal,>L
287141,Ezekiel,43,2,Cmpl,MDD[,wayq,qal,>L
287196,Ezekiel,43,4,Cmpl,BW>[,perf,qal,MN
287738,Ezekiel,44,1,Cmpl,BW>[,perf,qal,>L
287790,Ezekiel,44,3,Cmpl,CWB[,wayq,hif,>L
287797,Ezekiel,44,3,Pred,BW>[,impf,qal,MN
287801,Ezekiel,44,4,Pred,JY>[,impf,qal,MN
289099,Ezekiel,46,2,Cmpl,JY>[,impf,qal,>L
289241,Ezekiel,46,8,Cmpl,BW>[,perf,qal,>L
289248,Ezekiel,46,8,Pred,BW>[,impf,qal,>L
289264,Ezekiel,46,9,Pred,JY>[,impf,qal,>L
289270,Ezekiel,46,9,Cmpl,JY>[,impf,qal,>L
289276,Ezekiel,46,9,Cmpl,JY>[,impf,qal,>L
289280,Ezekiel,46,9,Cmpl,JY>[,impf,qal,>L
289285,Ezekiel,46,9,Cmpl,JY>[,impf,qal,>L
289706,Ezekiel,47,2,Cmpl,CWB[,impf,qal,>L
289711,Ezekiel,47,2,Cmpl,CWB[,impf,qal,>L
289717,Ezekiel,47,2,Cmpl,CWB[,impf,qal,>L
291231,Hosea,2,8,Cmpl,CWB[,impf,qal,>L
291832,Hosea,4,9,Objc,CWB[,impf,qal,>L
292340,Hosea,6,9,Objc,PQD[,perf,qal,<L
293272,Hosea,10,13,Pred,RYX[,impf,piel,<L
293532,Hosea,12,3,Cmpl,BVX[,perf,qal,B
293799,Hosea,13,7,Cmpl,PQD[,infc,qal,<L
294484,Joel,2,7,Pred,CWR[,impf,qal,<L
295782,Amos,2,7,Cmpl,CWR[,impf,qal,B
296429,Amos,4,10,Pred,NVH[,impf,hif,B
299234,Jonah,3,8,Objc,CLX[,perf,piel,B
299268,Jonah,3,10,Cmpl,CLX[,perf,piel,MN
300333,Micah,4,2,Cmpl,CWB[,perf,qal,MN
301671,Nahum,2,2,Cmpl,CWB[,perf,qal,MN
304211,Haggai,1,5,Objc,YPH[,infa,piel,MN
304247,Haggai,1,7,Cmpl,FJM[,impv,qal,<L
305057,Zechariah,1,4,Cmpl,FJM[,impv,qal,<L
305110,Zechariah,1,6,Cmpl,CWB[,impv,qal,MN
305783,Zechariah,3,7,Cmpl,<FH[,infc,qal,L
309921,Malachi,2,8,Pred,HLK[,impf,qal,B
309952,Malachi,2,9,Cmpl,SWR[,perf,qal,MN
310147,Malachi,3,1,Objc,SWR[,perf,qal,MN
310660,Psalms,1,1,Objc,PNH[,perf,piel,MN
310733,Psalms,1,6,Pred,<MD[,perf,qal,B
310736,Psalms,1,6,Objc,<MD[,perf,qal,B
310842,Psalms,2,12,Pred,>BD[,impf,qal,B
311117,Psalms,5,9,Pred,>BD[,impf,qal,B
311807,Psalms,10,5,Objc,JCR[,impv,hif,B
312887,Psalms,18,22,Pred,XJL=[,impf,qal,B
312997,Psalms,18,33,Objc,CMR[,perf,qal,B
314102,Psalms,25,3,Objc,NTN[,wayq,qal,B
314154,Psalms,25,8,Objc,NTN[,wayq,qal,B
314163,Psalms,25,9,Cmpl,JRH[,impf,hif,B
314193,Psalms,25,12,Objc,LMD[,impf,piel,B
314533,Psalms,27,11,Cmpl,LMD[,impf,piel,B
315318,Psalms,32,8,Objc,LMD[,impf,piel,B
315847,Psalms,35,6,Cmpl,LMD[,impf,piel,B
316134,Psalms,36,5,Pred,HJH[,impf,qal,B
316260,Psalms,37,5,Cmpl,JYB[,impf,hit,<L
316288,Psalms,37,7,Objc,GLL[,impv,qal,<L
316365,Psalms,37,14,Objc,GLL[,impv,qal,<L
316446,Psalms,37,23,Objc,VBX[,infc,qal,<L
316552,Psalms,37,34,Pred,XPY[,impf,qal,<L
316840,Psalms,39,2,Objc,CMR[,impv,qal,<L
318860,Psalms,50,23,Objc,CMR[,impf,qal,<L
319001,Psalms,51,15,Objc,CMR[,impf,qal,<L
321177,Psalms,67,3,Objc,PC<[,ptca,qal,<L
324728,Psalms,81,14,Objc,JD<[,infc,qal,<L
325273,Psalms,85,14,Pred,HLK[,impf,piel,B
325377,Psalms,86,11,Cmpl,FJM[,impf,qal,L
326510,Psalms,91,11,Objc,FJM[,impf,qal,L
327069,Psalms,95,10,Cmpl,FJM[,impf,qal,B
327631,Psalms,101,2,Objc,JD<[,perf,qal,B
327687,Psalms,101,6,Cmpl,FKL[,impf,hif,B
327951,Psalms,102,24,Cmpl,FKL[,impf,hif,B
328068,Psalms,103,7,Objc,<NH=[,perf,piel,B
329492,Psalms,107,4,Cmpl,JD<[,impf,hif,L
329517,Psalms,107,7,Cmpl,T<H[,perf,qal,B
329606,Psalms,107,17,Cmpl,T<H[,perf,qal,B
330354,Psalms,110,7,Pred,<NH=[,impf,hit,B
331342,Psalms,119,3,Pred,CTH[,impf,qal,B
331352,Psalms,119,5,Pred,HLK[,perf,qal,B
331417,Psalms,119,14,Pred,KWN[,impf,nif,B
331506,Psalms,119,25,Pred,FWF[,perf,qal,B
331512,Psalms,119,26,Pred,SPR[,perf,piel,B
331526,Psalms,119,28,Objc,SPR[,perf,piel,B
331533,Psalms,119,29,Cmpl,SWR[,impv,hif,MN
331544,Psalms,119,31,Pred,BXR[,perf,qal,MN
331552,Psalms,119,33,Pred,RWY[,impf,qal,MN
331587,Psalms,119,37,Objc,RWY[,impf,qal,MN
331752,Psalms,119,59,Cmpl,RWY[,impf,qal,B
333211,Psalms,128,1,Objc,XCB[,perf,piel,B
334303,Psalms,138,5,Cmpl,XCB[,perf,piel,B
334371,Psalms,139,3,Pred,CJR[,impf,qal,B
334570,Psalms,139,24,Pred,SKN[,perf,hif,B
335012,Psalms,143,8,Cmpl,SKN[,perf,hif,B
335540,Psalms,146,9,Objc,SKN[,perf,hif,B
337054,Job,3,23,Pred,<WT[,impf,piel,B
337734,Job,6,18,Pred,STR[,perf,nif,B
339387,Job,13,15,Pred,LPT[,impf,nif,B
340376,Job,17,9,Pred,JKX[,impf,hif,B
340732,Job,19,12,Objc,>XZ[,impf,qal,B
341296,Job,21,14,Objc,SLL[,wayq,qal,<L
341435,Job,21,29,Pred,XPY[,perf,qal,<L
341454,Job,21,31,Objc,<BR[,ptca,qal,<L
341519,Job,22,3,Objc,NGD[,impf,hif,<L
341743,Job,22,28,Objc,TMM[,impf,hif,<L
341846,Job,23,10,Pred,NGH[,perf,qal,<L
341857,Job,23,11,Objc,JD<[,perf,qal,<L
341945,Job,24,4,Pred,CMR[,perf,qal,<L
342041,Job,24,13,Cmpl,NVH[,impf,hif,MN
342110,Job,24,18,Objc,NKR[,perf,hif,MN
342804,Job,28,23,Objc,PNH[,impf,qal,MN
342840,Job,28,26,Objc,BJN[,perf,hif,MN
343087,Job,29,25,Cmpl,BJN[,perf,hif,L
343434,Job,31,4,Objc,BXR[,impf,qal,L
343461,Job,31,7,Objc,R>H[,impf,qal,L
344619,Job,34,27,Cmpl,NVH[,impf,qal,MN
345107,Job,36,23,Pred,FKL[,perf,hif,MN
345668,Job,38,25,Objc,PQD[,perf,qal,<L
347058,Proverbs,1,15,Objc,PQD[,perf,qal,<L
347219,Proverbs,1,31,Cmpl,HLK[,impf,qal,B
347313,Proverbs,2,8,Cmpl,>KL[,impf,qal,MN
347344,Proverbs,2,12,Pred,CMR[,impf,qal,MN
347357,Proverbs,2,13,Cmpl,CMR[,impf,qal,MN
347414,Proverbs,2,20,Cmpl,HLK[,infc,qal,B
347491,Proverbs,3,6,Cmpl,HLK[,impf,qal,B
347650,Proverbs,3,23,Cmpl,HLK[,impf,qal,B
347740,Proverbs,3,31,Objc,HLK[,impf,qal,B
347870,Proverbs,4,11,Cmpl,BXR[,impf,qal,B
347906,Proverbs,4,14,Cmpl,BXR[,impf,qal,B
348017,Proverbs,4,26,Cmpl,>CR[,impf,piel,B
348091,Proverbs,5,8,Pred,KWN[,impf,nif,B
348304,Proverbs,6,6,Objc,RXQ[,impv,hif,<L
348655,Proverbs,7,8,Objc,R>H[,impv,qal,<L
348757,Proverbs,7,19,Pred,Y<D[,impf,qal,<L
348823,Proverbs,7,25,Cmpl,HLK[,perf,qal,B
348856,Proverbs,8,2,Cmpl,FVH[,impf,qal,>L
348957,Proverbs,8,13,Pred,NYB[,perf,nif,<L
349030,Proverbs,8,22,Pred,FN>[,perf,qal,<L
349136,Proverbs,8,32,Objc,FN>[,perf,qal,<L
349220,Proverbs,9,6,Pred,CMR[,impf,qal,<L
349301,Proverbs,9,15,Cmpl,>CR[,impv,qal,B
349414,Proverbs,10,9,Cmpl,<BR[,ptca,qal,L
349668,Proverbs,11,5,Objc,<BR[,ptca,qal,L
350040,Proverbs,12,14,Objc,JCR[,impf,piel,L
350215,Proverbs,13,6,Cmpl,JCR[,impf,piel,B
350462,Proverbs,14,8,Objc,NYR[,impf,qal,B
350511,Proverbs,14,14,Objc,BJN[,infc,hif,B
351077,Proverbs,16,7,Pred,FB<[,impf,qal,MN
351096,Proverbs,16,9,Objc,RYH[,infc,qal,MN
351175,Proverbs,16,17,Objc,XCB[,impf,piel,MN
351305,Proverbs,16,31,Objc,XCB[,impf,piel,MN
351865,Proverbs,19,3,Pred,MY>[,impf,nif,MN
351995,Proverbs,19,16,Objc,SLP[,impf,piel,MN
352354,Proverbs,20,24,Pred,MWT[,impf,qal,MN
352563,Proverbs,21,16,Objc,BJN[,impf,qal,MN
352687,Proverbs,21,29,Cmpl,FKL[,infa,hif,MN
352762,Proverbs,22,6,Objc,BJN[,impf,qal,MN
353186,Proverbs,23,19,Cmpl,XNK[,impv,qal,<L
353249,Proverbs,23,26,Objc,>CR[,impv,piel,B
354671,Proverbs,28,10,Pred,NYR[,impf,qal,B
354756,Proverbs,28,18,Cmpl,NYR[,impf,qal,B
355335,Proverbs,30,18,Pred,NPL[,impf,qal,B
355519,Proverbs,31,3,Objc,NPL[,impf,qal,B
355936,Ruth,1,7,Objc,NPL[,impf,qal,B
362776,Ecclesiastes,10,3,Cmpl,HLK[,wayq,qal,B
363196,Ecclesiastes,11,9,Pred,XSR[,perf,qal,B
364275,Lamentations,2,15,Cmpl,HLK[,impv,piel,B
364515,Lamentations,3,9,Objc,SPQ[,perf,qal,<L
364527,Lamentations,3,10,Objc,GDR[,perf,qal,<L
364748,Lamentations,3,40,Pred,SWR[,perf,piel,<L
381893,Ezra,8,21,Objc,XPF[,impf,qal,<L
381919,Ezra,8,22,Objc,BQC[,infc,piel,MN
382134,Ezra,8,31,Cmpl,>JB[,ptca,qal,MN
388031,Nehemiah,9,12,Cmpl,>RB[,ptca,qal,MN
388204,Nehemiah,9,19,Objc,>WR[,infc,hif,L
388218,Nehemiah,9,19,Cmpl,>WR[,infc,hif,B
409315,2_Chronicles,6,16,Objc,>WR[,infc,hif,B
409491,2_Chronicles,6,23,Objc,CMR[,impf,qal,B
409598,2_Chronicles,6,27,Cmpl,NTN[,infc,qal,B
409690,2_Chronicles,6,30,Cmpl,NTN[,infc,qal,>L
409710,2_Chronicles,6,31,Cmpl,NTN[,perf,qal,L
409818,2_Chronicles,6,34,Cmpl,HLK[,infc,qal,B
409824,2_Chronicles,6,34,Cmpl,>JB[,ptca,qal,<L
409919,2_Chronicles,6,38,Cmpl,PLL[,perf,hit,>L
410388,2_Chronicles,7,14,Pred,PLL[,perf,hit,>L
412483,2_Chronicles,11,17,Cmpl,CWB[,impf,qal,MN
413464,2_Chronicles,13,22,Cmpl,HLK[,perf,qal,B
414605,2_Chronicles,17,3,Cmpl,HLK[,perf,qal,B
414657,2_Chronicles,17,6,Cmpl,HLK[,perf,qal,B
416706,2_Chronicles,20,32,Cmpl,GBH[,wayq,qal,B
416922,2_Chronicles,21,6,Cmpl,HLK[,wayq,qal,B
417077,2_Chronicles,21,12,Cmpl,HLK[,wayq,qal,B
417089,2_Chronicles,21,13,Cmpl,HLK[,perf,qal,B
417328,2_Chronicles,22,3,Cmpl,HLK[,wayq,qal,B
420272,2_Chronicles,27,6,Cmpl,HLK[,perf,qal,B
420352,2_Chronicles,28,2,Cmpl,KWN[,perf,hif,L
424466,2_Chronicles,34,2,Cmpl,HLK[,wayq,qal,B
